0,1,2,3
S ECCIÓN 14: Información relativa al transporte,,,
,ADR/RID-ADN,IMDG,IATA
14.1 Número ONU,UN3082,UN3082,UN3082
14.2 Designación oficial de transporte de las Naciones Unidas,Producto de reacción: bisfenol- A-epiclorhidrina; resinas epoxi (peso molecular medio <= 700),Producto de reacción: bisfenol-A-epiclorhidrina; resinas epoxi (peso molecular medio <= 700),Producto de reacción: bisfenol-A-epiclorhidrina; resinas epoxi (peso molecular medio <= 700)
14.3 Clase(s) de peligro para el transporte,9,9,9
14.4 Grupo de embalaje,III,III,III
14.5 Peligros para el medio ambiente,Si,Si,Si
14.6 Información adicional,,"Emergency schedurles (EmS) F–A, S--F",
Código de clasificación,,,
